{
    "actorSpecification": 1,
    "fields": {
        "keyword": {
            "type": "string",
            "description": "Término de búsqueda utilizado."
        },
        "usuario": {
            "type": "string",
            "description": "Nombre de usuario de Instagram."
        },
        "url_perfil": {
            "type": "string",
            "description": "Enlace directo al perfil."
        },
        "url_icono": {
            "type": "string",
            "description": "URL de la foto de perfil (para comparación)."
        },
        "similitud_semantica": {
            "type": "number",
            "description": "Puntaje de coincidencia con la imagen de referencia (0 a 1)."
        },
        "etiqueta": {
            "type": "string",
            "description": "Etiqueta técnica detectada en el enlace."
        }
    }
}