{
    "title": "Instagram Keyword Scraper con IA Semántica",
    "type": "object",
    "schemaVersion": 1,
    "properties": {
        "keywords": {
            "title": "Palabras Clave",
            "type": "array",
            "description": "Lista de keywords para buscar (ej: inmobiliarias, casas en venta).",
            "editor": "stringList",
            "prefill": ["inmobiliarias"]
        },
        "maxResults": {
            "title": "Límite de resultados",
            "type": "integer",
            "description": "Número máximo de perfiles únicos a extraer por cada palabra clave.",
            "default": 20
        },
        "googleApiKey": {
            "title": "Google Gemini API Key",
            "type": "string",
            "description": "Tu API Key de Google Generative AI para activar la comparación semántica de imágenes.",
            "editor": "textfield",
            "isSecret": true
        },
        "referenceImageUrl": {
            "title": "URL de Imagen de Referencia",
            "type": "string",
            "description": "URL de la imagen (logo o estilo visual) que quieres comparar con los perfiles encontrados.",
            "editor": "textfield",
            "prefill": "https://tu-sitio.com/logo-referencia.jpg"
        },
        "sessionCookies": {
            "title": "Cookies de Sesión (JSON)",
            "type": "array",
            "description": "Array de cookies exportadas para evitar el login (formato JSON).",
            "editor": "json",
            "default": []
        }
    },
    "required": ["keywords"]
}